{
  "dashboardGeneratedTime": "Thu Jan 31 14:39:00 SGT 2019",
  "repos": [
    {
      "location": {
        "location": "https://github.com/reposense/RepoSense.git",
        "repoName": "RepoSense",
        "organization": "reposense"
      },
      "branch": "master",
      "displayName": "reposense_RepoSense_master"
    },
    {
      "location": {
        "location": "https://github.com/reposense/testrepo-Delta.git",
        "repoName": "testrepo-Delta",
        "organization": "reposense"
      },
      "branch": "master",
      "displayName": "reposense_testrepo-Delta_master"
    },
    {
      "location": {
        "location": "https://github.com/se-edu/addressbook-level4.git",
        "repoName": "addressbook-level4",
        "organization": "se-edu"
      },
      "branch": "master",
      "displayName": "se-edu_addressbook-level4_master"
    }
  ]
}
